{
    "train_acces": [
        0.7252525252525253,
        0.8929292929292929,
        0.9797979797979798,
        0.9494949494949495,
        0.9919191919191919,
        1.0,
        1.0,
        1.0,
        1.0,
        1.0,
        1.0,
        1.0,
        1.0,
        1.0,
        1.0
    ],
    "train_losses": [
        0.5023909568673733,
        0.24577650148421526,
        0.07696457448641233,
        0.1410436472792009,
        0.030871859713542192,
        0.0016329241847746413,
        0.000840600130631532,
        0.0005394854158194821,
        0.0003571307751619977,
        0.0002756008306195409,
        0.00021531298603583832,
        0.00017731304705552193,
        0.00015325288662676361,
        0.0001282073159679633,
        0.00010837301121103916
    ],
    "val_acces": [
        0.8,
        0.9142857142857143,
        0.9904761904761905,
        0.9714285714285714,
        1.0,
        1.0,
        1.0,
        1.0,
        1.0,
        1.0,
        1.0,
        1.0,
        1.0,
        1.0,
        1.0
    ],
    "val_losses": [
        0.6127630796017391,
        0.2003342674246856,
        0.0528788490037966,
        0.09369909411761909,
        0.0008536996511143766,
        0.0003213736705739783,
        0.0001798132116943764,
        0.00010622591529941668,
        6.856933887320338e-05,
        5.8545328777524577e-05,
        4.5076343660964215e-05,
        3.44875683367718e-05,
        2.671587267286668e-05,
        2.2883026092910897e-05,
        1.9537189918342588e-05
    ]
}